2010,CD,O
Ktm,NNP,O
690,CD,O
Enduro,NNP,O
R,NNP,O
for,IN,O
sale,NN,O
With,IN,O
complete,JJ,O
street,NN,O
wheel,NN,O
set,NN,O
7132,CD,O
miles,NNS,O
Parts,VBZ,O
include,NN,O
:,:,O
Scott,NNP,O
Steering,NNP,O
stabilizer,NN,O
D.I.D,NNP,O
.,.,O
DirtStar,NNP,O
wheels,NNS,O
Oversized,NNP,O
front,NN,O
Rotor,NNP,O
LED,NNP,O
Integrated,NNP,O
Tail,NNP,O
tidy,NN,O
Seat,NNP,O
Concepts,NNP,O
seat,NN,O
Flatland,NNP,O
Racing,NNP,O
Aluminum,NNP,O
skid,NN,O
plate,NN,O
Clean,NNP,O
title,NN,O
with,IN,O
CA,NNP,O
Plate,NNP,O
and,CC,O
tags,NNS,O
through,IN,O
May,NNP,O
2018,CD,O
Asking,VBG,O
$,$,O
6200,CD,P
OBO,NNP,O
This,DT,O
is,VBZ,O
a,DT,O
great,JJ,O
bike,NN,O
regularly,RB,O
serviced,VBD,O
and,CC,O
runs,NNS,O
like,IN,O
a,DT,O
champ,NN,O
",",",",O
hate,NN,O
to,TO,O
see,VB,O
it,PRP,O
go,VB,O
but,CC,O
have,VBP,O
n't,RB,O
ridden,VB,O
it,PRP,O
lately,RB,O
and,CC,O
need,VBP,O
to,TO,O
make,VB,O
room,NN,O
in,IN,O
the,DT,O
garage,NN,O
.,.,O
Contact,NNP,O
Jared,NNP,O
Ktm,NNP,O
690,CD,O
",",",",O
Enduro,NNP,O
",",",",O
690,CD,O
Enduro,NNP,O
",",",",O
Enduro,NNP,O
R,NNP,O
",",",",O
Ktm,NNP,O
",",",",O
Ktm,NNP,O
690,CD,O
enduro,NN,O
